"名称","ふりがな","郵便番号","所在地","関連URL","写真","コメント","電話番号","FAX番号","その他情報","経度","緯度"
"ファミリーマート　中央林間西６丁目店","ふぁみりーまーと　ちゅうおうりんかんにしろくちょうめてん","2420008","大和市中央林間西6-10-54","","","25-D･Eｰ4","046-278-2186","","","139.430858398524","35.50375869999395"
"クリエイトS･D　大和西中央林間店","くりえいとえすでぃー　やまとにしちゅうおうりんかんてん","2420008","大和市中央林間西6-6-34","","","25-F-7","046-271-5630","","","139.43138199873584","35.502632440413564"
"セブンイレブン　大和南林間７丁目店","せぶんいれぶん　やまとみなみりんかんななちょうめてん","2420006","大和市南林間7-25-11","","","53-E-2","046-273-0406","","","139.4356086025048","35.490964863209236"
"ローソン　大和中央林間西二丁目店","ろーそん　やまとちゅうおうりんかんにしにちょうめてん","2420008","大和市中央林間西2-17-22","","","27-E-10","046-200-9798","","","139.43615955608865","35.50104764513605"
"（株）シンセツ電器","しんせつでんき","2420006","大和市南林間6-23-25","","","53-GH-2","046-275-8878","","","139.43725315997781","35.49103989837648"
"セブンイレブン　大和桜森店","せぶんいれぶん　やまとさくらもりてん","2420028","大和市桜森3-12-18","","","87-H-1・2","046-262-7725","","","139.43748654633924","35.47321300681846"
"セブンイレブン　大和トラックステーション店","せぶんいれぶん　やまととらっくすてーしょんてん","2420029","大和市上草柳588","","","80-C-1","046-262-0711","","","139.43925969969592","35.47816769736449"
"（有）鈴久酒店","ゆうげんがいしゃすずきゅうさけてん","2420006","大和市南林間6-11-15","","","44-D-10","046-274-9232","","","139.43939085043584","35.491750075274496"
"ローソンスリーエフ　相模大塚駅前店","ろーそんすりーえふ　さがみおおつかえきまえてん","2420028","大和市桜森2-8-15","","","88-D-8","046-262-8634","","","139.43997735077073","35.470289801098225"
"ウエルシア　相模大塚駅前店","うえるしあ　さがみおおつかえきまえてん","2420028","大和市桜森3-1-1","","","88-D-8","046-200-6900","","","139.44007573385775","35.470506179406456"
"ファミリーマート　大和西鶴間店","ふぁみりーまーと　やまとにしつるまてん","2420005","大和市西鶴間8-1-5","","","62-G-9","046-271-7707","","","139.44129561351033","35.483556146134994"
"マツモトキヨシ　大和桜森店","まつもときよし　やまとさくらもりてん","2420028","大和市桜森3-4","","","88-H-3","046-262-2233","","","139.44220437248782","35.47254660667836"
"セブンイレブン　大和中央林間５丁目店","せぶんいれぶん　やまとちゅうおうりんかんごちょうめてん","2420007","大和市中央林間5-4-16","","","9-B-6","046-273-0385","","","139.44246159124148","35.511888894245644"
"（株）オオゼキ　中央林間店","かぶしきがいしゃおおぜきちゅうおうりんかんてん","2420007","大和市中央林間5-7-4","","","19-B-2","046-273-0288","","","139.44270039199475","35.50883844331324"
"いなげや　大和相模大塚駅前店","いなげや　やまとさがみおおつかえきまえてん","2420029","大和市上草柳187-2","","","89-B-3","046-265-5551","","","139.4430868930316","35.47266251705005"
"セブンイレブン　大和中央林間1丁目","せぶんいれぶん　やまとちゅうおうりんかんいっちょうめ","2420007","大和市中央林間1-9-13","","","29-B-8","046-271-7110","","","139.44316032634035","35.501946029856555"
"生活協同組合ユーコープかながわ　南林間店","せいかつきょうどうくみあいゆーこーぷかながわ　みなみりんかんてん","2420006","大和市南林間5-9-1","","","45-B-6","046-274-7202","","","139.44320223526614","35.49406491630305"
"セブンイレブン　大和中央林間3丁目店","せぶんいれぶん　やまとちゅうおうりんかんさんちょうめてん","2420007","大和市中央林間3-11-1","","","19-B・C-5","046-272-3077","","","139.44327118550882","35.50778077728403"
"クリエイトエス・ディー　大和中央林間店","くりえいとえすでぃー　やまとちゅうおうりんかんてん","2420007","大和市中央林間1-5-15","","","29-C-1","046-271-7102","","","139.44332437854285","35.50532155498569"
"（有）信濃屋　牛山酒店","ゆうげんがいしゃしなのやうしやまさけてん","2420005","大和市西鶴間6-20-13","","","63-C-2","046-274-4400","","","139.44335982475036","35.4864236787817"
"Olympic　相模大塚店","おりんぴっく　さがみおおつかてん","2420029","大和市上草柳112-1","","","89-C-4","046-260-0011","","","139.443437282384","35.472180780434414"
"ローソン　大和南林間五条通り店","ろーそん　やまとみなみりんかんごじょうどおりてん","2420006","大和市南林間4-7-18","","","45-C-6","046-275-6605","046-275-6605","","139.4435025214307","35.493771157263446"
"セブンイレブン　大和桜森１丁目店","せぶんいれぶん　やまとさくらもりいっちょうめてん","2420028","大和市桜森1-6-20","","","99-C-1","046-261-1101","","","139.44353180667235","35.468839358166214"
"ファミリーマート　中央林間駅前店","ふぁみりーまーと　ちゅうおうりんかんえきまえてん","2420007","大和市中央林間3-3-8","","","19-C-3","046-271-6675","","","139.44354132628018","35.50869588163648"
"クリエイトS･D　中央林間一丁目店","くりえいとえすでぃー　ちゅうおうりんかんいっちょうめてん","2420007","大和市中央林間1-9-15","","","29-C-7","046-278-1178","","","139.44355297805723","35.502323297887024"
"福田屋","ふくだや","2420007","大和市中央林間3-4-13","","","19-C-4","046-274-4140","","","139.44357383727322","35.508349221446665"
"セブンイレブン　大和中央林間駅西店","せぶんいれぶん　やまとちゅうおうりんかんえきにしてん","2420007","大和市中央林間3-1-11","","","19-D-8","046-277-6707","","","139.44393047700092","35.50658472914704"
"廣田屋","ひろたや","2420007","大和市中央林間4-1-6","","","19-D-10","046-276-7979","","","139.44435729029212","35.50533648070546"
"ペンギン薬局　中央林間店","ぺんぎんやっきょく　ちゅうおうりんかんてん","2420007","大和市中央林間4-5-5","","","19-E-4","046-276-8640","","","139.4445871477912","35.50843703845924"
"クリエイトエス・ディー　大和鶴間店","くりえいとえすでぃー　やまとつるまてん","2420005","大和市西鶴間5-1-43","","","63-E-6","046-264-8133","","","139.44459027726813","35.48498737272494"
"サイクルセンター　ナガノ","さいくるせんたーながの","2420006","大和市南林間1-19-11","","","45-E-5","046-274-4439","","","139.44467239847742","35.49436862117156"
"ファミリーマート　大和上草柳店","ふぁみりまーと　やまとかみそうやぎてん","2420029","大和市上草柳104-3","","","89-D-5","046-200-5278","","","139.4447333878004","35.47179275835811"
"（有）ダイナス　第一営業所","ゆうげんがいしゃだいなすだいいちえいぎょうしょ","2420007","大和市中央林間4-5-10","","","19-E-3","046-274-2975","","","139.44482591590855","35.5087299118883"
"（有）ダイナス","ゆうげんがいしゃだいなす","2420007","大和市中央林間4-5-21","","","19-E-5","046-276-5181","","","139.44484974586166","35.50792390307588"
"セブンイレブン　大和中央林間駅前店","せぶんいれぶん　やまとちゅうおうりんかんえきまえてん","2420007","大和市中央林間4-6-20","","","19-E-7","046-277-7779","","","139.4448834826757","35.50692371634085"
"オリンピック　中央林間店","おりんぴっく　ちゅうおうりんかんてん","2420007","大和市中央林間4-14-10","","","19-F-3","046-276-9951","","","139.44539766694032","35.508741125795126"
"オダギリ薬局　中央林間店","おだぎりやっきょくちゅうおうりんかんてん","2420007","大和市中央林間4-14-2","","","19-F-4","046-276-5529","","","139.4454052922597","35.50808659953357"
"（有）田辺精米店","ゆうげんがいしゃたなべせいまいてん","2420005","大和市西鶴間5-1-24","","","63-G-9","046-261-4665","","","139.4455114701257","35.483195198433805"
"ココカラファイン　中央林間店","ここからふぁいん　ちゅうおうりんかんてん","2420007","大和市中央林間4-14-25","","","19-G-5","046-278-5813","","","139.4456070800848","35.507961818905365"
"ローソンストア100　南林間店","ろーそんすとあひゃく　みなみりんかんてん","2420006","大和市南林間2-9-3","","","37-G-10","046-271-5527","","","139.44578552472333","35.49636882600451"
"サンドラッグ　西鶴間店","さんどらっぐ　にしつるまてん","2420005","大和市西鶴間4-12-38","","","63-G-3","046-200-6055","046-200-6056","","139.44581423325278","35.4860010913169"
"トモズ中央林間東急スクエア店","ともずちゅうおうりんかんとうきゅうすくえあてん","2420007","大和市中央林間4-12-1　中央林間東急スクエア1F","","","19-G-6","046-206-5255","046-278-1771","10:00～22:00","139.44585097687903","35.50752087491473"
"中央林間　とうきゅう","ちゅうおうりんかんとうきゅう","2420007","大和市中央林間4-12-1","","","19-G-6","046-276-0109","","","139.44589138362815","35.50726430481183"
"（有）秋田屋酒店","ゆうげんがいしゃあきたやさけてん","2420005","大和市西鶴間4-12-40","","","63-G-3","046-261-3941","","","139.44595191286592","35.486220770293485"
"ファミリーマート　中央林間駅東口店","ふぁみりーまーとちゅうおうりんかんえきひがしぐちてん","2420007","大和市中央林間4-14-20","","","19-H-4","046-276-9991","","","139.44617123100485","35.507992130465006"
"（有）星野新聞店","ゆうげんかいしゃほしのしんぶんてん","2420006","大和市南林間4-1-27","","","45-H-10","046-274-2417","","","139.44630866116924","35.49180745225012"
"（有）西海電器商会","ゆうげんがいしゃにしうみでんきしょうかい","2420006","大和市南林間1-9-17","","","45-H-3","046-274-0734","","","139.44646181828696","35.49508378828883"
"（有）森田屋商店","ゆうげんがいしゃもりたやしょうてん","2420006","大和市南林間2-10-15","","","38-A-10","046-274-8142","","","139.4467185424559","35.49644694197288"
"ローソン　西鶴間小学校入口店","ろーそん　にしつるましょうがっこういりぐちてん","2420005","大和市西鶴間2-26-10","","","64-A-1","046-240-9551","","","139.44675121688326","35.4869315116571"
"（株）大矢商店","かぶしきがいしゃおおやしょうてん","2420006","大和市南林間1-8-19","","","46-B-2","046-274-0549","","","139.44721243771028","35.49550966035658"
"マツモトキヨシ　南林間店","まつもときよしみなみりんかんてん","2420006","大和市南林間1-7-11","","","46-B-3","046-275-3420","","","139.44742604272153","35.49492613156881"
"ファミリーマート　南林間駅前店","ふぁみりーまーと　みなみりんかんえきまえてん","2420006","大和市南林間1-7-14","","","46-B-2","046-278-5808","","","139.44744882496258","35.49532528733609"
"セブンイレブン　大和林間２丁目店","せぶんいれぶん　やまとりんかんにちょうめてん","2420003","大和市林間2-2-1","","","38-B-8","046-277-1711","","","139.4475094439876","35.497237774112214"
"くすりセイジョー　南林間店","くすりせいじょーみなみりんかんてん","2420006","大和市南林間1-6-11","","","46-B-1","046-271-5090","","","139.44756159216993","35.49591102453083"
"オダキューOX　南林間店","おだきゅーおーえっくすみなみりんかんてん","2420006","大和市南林間1-6-11","","","46-B-1","046-278-2201","","","139.44756159216993","35.49591102453083"
"ツルハドラッグ　南林間駅前店","つるはどらっぐ　みなみりんかんえきまえてん","2420003","大和市林間2-1-1　南林間リバゲイン１Ｆ","","","38-B/C-10","046-271-6268","","","139.44790213902576","35.49652256486755"
"ローソン　大和西鶴間二丁目店","ろーそん　やまとにしつるまにちょうめてん","2420005","大和市西鶴間2-3-17","","","56-C-5･6","046-273-8055","","","139.44792001875157","35.489428462192684"
"ファミリーマート　南林間店","ふぁみりーまーと　みなみりんかんてん","2420006","大和市南林間1-2-14　服部ビル1F","","","46-C-7","046-271-6332","","","139.44794156022255","35.493381418753984"
"セブンイレブン　大和西鶴間2丁目店","せぶんいれぶんやまとにしつるまにちょうめてん","2420005","大和市西鶴間2-1-1","","","56-C-9","046-272-4165","","","139.4482924469694","35.48791934157143"
"ファミリーマート　サンズ中央林間四丁目店","ふぁみりーまーと　さんずちゅうおうりんかんよんちょうめてん","2420007","大和市中央林間4-29-20","","","20-D-6","046-271-5328","","","139.44848846942162","35.507108191244285"
"（株）りんかーん・オフィスサポート","かぶしきがいしゃりんかーんおふぃすさぽーと","2420003","大和市林間2-9-6","","","30-E-9","046-275-4151","046-275-4127","","139.44879717873408","35.50117106642065"
"サクライ洋品店","さくらいようひんてん","2420005","大和市西鶴間1-7-6","","","46-E-9","046-274-8524","","","139.44889092620355","35.49220767577101"
"ウェルシア　大和中央林間店","うぇるしあ　やまとちゅうおうりんかんてん","2420001","大和市中央林間8-25-2","","","20-E-2・3","046-278-2377","","","139.44897126895566","35.508607735582665"
"守屋商店","もりやしょうてん","2420005","大和市西鶴間1-21-1","","","56-E-5","046-274-2243","","","139.44917210185636","35.48969746517945"
"マツモトキヨシ　ラプラ中央林間店","まつもときよし　らぷらちゅうおうりんかんてん","2420001","大和市中央林間8-25-8","","","20-F-2","046-277-2567","","","139.44925261184144","35.5094454489306"
"和菓子処　喜泉（本店）","わがしどころきせんほんてん","2420003","大和市林間2-21-4","","","38-F-5","046-276-1123","","","139.44948152380596","35.49857037672118"
"（有）林間薬局","ゆうげんがいしゃりんかんやっきょく","2420003","大和市林間2-21-3","","","38-F-5","046-276-5637","","","139.44957182167144","35.49843099477335"
"リビングショップ　ウチダ","りびんぐしょっぷうちだ","2420005","大和市西鶴間1-12-22","","","56-F-3","046-274-3857","","R6.4/1廃業","139.44970262098153","35.490602177629754"
"ホームセンターコーナン　中央林間店","ほーむせんたーこーなん　ちゅうおうりんかんてん","2420001","大和市中央林間7-7-1","","","30-G-2","046-271-2151","","","139.45004434008683","35.50414875349765"
"広瀬米店","ひろせこめてん","2420001","大和市中央林間9-38-6","","","04-G-9","046-274-2236","","","139.44996182915924","35.515052037829705"
"クリエイトS･D　りんかんモール店","くりえいとえす・でぃー　りんかんもーるてん","2420001","大和市中央林間7-6-1","","","30-G-5","046-271-5330","","","139.4496399952836","35.50332567910593"
"セブンイレブン　大和鶴間駅西口店","せぶんいれぶん　やまとつるまえきにしぐちてん","2420005","大和市西鶴間1-1-1","","","56-H-4","046-273-8280","","","139.45062615871294","35.49019634770365"
"ローソン　上草柳八丁目店","ろーそん　かみそうやぎはっちょうめてん","2420029","大和市上草柳8-16-18","","","64-H-9","046-200-5715","","","139.4507606253145","35.48318213906844"
"セブンイレブン　大和林間１丁目店","せぶんいれぶん　やまとりんかんいっちょうめてん","2420003","大和市林間1-16-2","","","46-H-2","046-275-1771","","","139.45091263119411","35.495321879582484"
"クリエイトエス・ディー　大和南林間店","くりえいとえすでぃー　やまとみなみりんかんてん","2420003","大和市林間1-16-3","","","47-A-2","046-271-6223","","","139.45109860625948","35.495552758580914"
"カインズホーム　りんかんモール店","かいんずほーむ　りんかんもーるてん","2420001","大和市中央林間7-6-1","","","30-G-5","046-275-5000","","","139.45081635892402","35.503505287835225"
"マルエツ　鶴間店","まるえつつるまてん","2420005","大和市西鶴間3-1-8","","","56-H-7","046-262-1261","","","139.45118796234144","35.48890240793565"
"ローソン　大和鶴間駅前店","ろーそんやまとつるまえきまえてん","2420004","大和市鶴間2-1-24","","","57-A-4","046-271-7077","","","139.45126601245994","35.48999368743457"
"ファミリーマート　大和下鶴間北店","ふぁみりーまーと　やまとしもつるまきたてん","2420001","大和市中央林間9-7-29","","","11-A-6","046-271-5077","","","139.4513789817514","35.510696364806186"
"セブンイレブン　大和上草柳７丁目店","せぶんいれぶん　やまとかみそうやぎななちょうめてん","2420029","大和市上草柳7-10-25","","","65-A-5","046-261-1979","","","139.45161528320452","35.48493846447591"
"広部たばこ店","ひろべたばこてん","2420004","大和市鶴間1-8-1","","","57-B-7","046-261-0243","","","139.4517718146573","35.48885572866142"
"セブンイレブン　大和林間店","せぶんいれぶんやまとりんかんてん","2420001","大和市林間1-18-18","","","39-C-89","046-276-6130","","","139.45233403246525","35.49729199598288"
"（有）鶴間金物店","ゆうげんがいしゃつるまかなものてん","2420004","大和市鶴間1-3-2","","","57-D-4","046-261-0551","","","139.45252260206593","35.490089110040934"
"オダギリ薬局　鶴間店","おだぎりやっきょくつるまてん","2420004","大和市鶴間2-11-30","","","57-D-4","046-271-6193","","","139.45288625545192","35.49048667503109"
"ローソン　大和上草柳五丁目店","ろーそん　やまとかみそうやぎごちょうめてん","2420029","大和市上草柳5-4-6","","","75-D-7","046-260-3233","","","139.45294066881146","35.47994096087535"
"ローソン　大和市下鶴間店","ろーそん　やまとししもつるまてん","2420001","大和市下鶴間1787-2","","","031-E-9","046-276-5595","","","139.45350107093014","35.50138936667416"
"山形屋酒店","やまがたやさけてん","2420004","大和市鶴間2-12-9","","","57-F-1","046-274-6089","","","139.45372903962826","35.49160457182107"
"セブンイレブン　大和鶴間駅東口店","せぶんいれぶん　やまとつるまえきひがしぐちてん","2420004","大和市鶴間1-31-3","","","57-F-4","046-240-7368","","","139.4539238658019","35.49052749796424"
"セブンイレブン　大和下鶴間店","せぶんいれぶん　やまとしもつるまてん","2420001","大和市下鶴間2782-1","","","47-H-8","046-273-4311","","","139.45495247271774","35.49252872106272"
"クリエイトエス・ディー　大和代官店","くりえいとえす・でぃー　やまとだいかんてん","2420025","大和市代官4-18-3","","","141-F-89","046-279-1012","","","139.45441448247792","35.43854464759357"
"（株）坂屋　高橋酒店","かぶしきがいしゃさかや　たかはしさけてん","2420029","大和市上草柳3-2-20","","","83-G-5","046-263-1181","","","139.4544847921339","35.476046439169444"
"セブンイレブン　大和代官4丁目店","せぶんいれぶん　やまとだいかんよんちょうめてん","2420025","大和市代官4-18-1","","","141-FG-7","046-269-2577","","","139.4546358431205","35.439065295018715"
"ドラッグストア　マツモトキヨシ　大和鶴間店","どらっぐすとあ　まつもときよし　やまとつるまてん","2420001","大和市下鶴間2780-1","","","47-H-10","046-278-1377","","","139.45537709687832","35.491678407238346"
"業務スーパー　やまか大和中央店","ぎょうむすーぱー　やまかやまとちゅうおうてん","2420021","大和市中央4-13-5","","","101-H-1","046-263-0850","046-265-1546","","139.45552228620093","35.46892566627271"
"クリエイトエス・ディー　大和上草柳店","くりえいとえす・でぃー　やまとかみそうやぎてん","2420029","大和市上草柳1-7-22","","","84-A-4","046-200-6621","","","139.45569997233463","35.476468523988686"
"セブンイレブン　大和鶴間１丁目店","せぶんいれぶん　やまとつるまいっちょうめてん","2420004","大和市鶴間1-20-24","","","66-A-1","046-263-7755","","","139.45585585138198","35.48675677271065"
"嶋田商店","しまだしょうてん","2420025","大和市代官2-13-24","","","142-A-2","046-269-8186","","","139.4560936240582","35.44147906270598"
"セブンイレブン　大和上草柳店","せぶんいれぶん　やまとかみそうやぎ","2420029","大和市上草柳1-3-7","","","92-B-1","046-263-6410","","","139.4562263464349","35.47347117452884"
"ファミリーマート　つきみ野入口店","ふぁみりーまーと　つきみのいりぐちてん","2420001","大和市下鶴間44-1","","","06-B-6","046-271-0670","","","139.45629694440348","35.51623887259598"
"（有）伊藤商店","ゆうげんがいしゃいとうしょうてん","2420025","大和市代官2-13-18","","","142-B-3","046-269-0498","","","139.45644861035245","35.441064618628886"
"クリエイトエス・ディー　大和店","くりえいとえすでぃーやまとてん","2420004","大和市鶴間1-21-18","","","66-C-1","046-263-8905","","","139.45661177853663","35.486976668061445"
"（有）保坂商店　魚松","ゆうげんがいしゃほさかしょうてん　うおまつ","2420001","大和市下鶴間2771-91","","","48-C-5","046-276-5243","","","139.4566854932213","35.49401497949779"
"イトーヨーカドー　大和鶴間店","いとーよーかどー　やまとつるまてん","2420001","大和市下鶴間1-3-1","","","58-C-2","046-261-1211","","","139.4571630862617","35.49064677047982"
"クリエイトS･D　大和中央店","くりえいとえすでぃー　やまとちゅうおうてん","2420021","大和市中央5-11-30","","","102-D-6","046-200-2291","","","139.45745700396117","35.466858949616835"
"（有）湘南マット","しょうなんまっと","2420026","大和市草柳3-8-2","","","114-D-6","046-262-2136","","","139.45754605544846","35.45779107006812"
"ローソン　つきみ野駅前店","ろーそん　つきみのえきまえてん","2420002","大和市つきみ野3-24-3","","","12-E-10","046-277-5752","","","139.45761438903676","35.50977853337433"
"イオンスタイル　つきみ野","いおんすたいる　つきみの","2420002","大和市つきみ野1-6-1","","","032-E-6","046-271-5110","","","139.45703830730312","35.502248410183824"
"山金商店","やまがねしょうてん","2420001","大和市下鶴間2973","","","40-E-4","046-274-9749","","","139.45769211662235","35.49883566471765"
"ファミリーマート　大和草柳三丁目店","ふぁみりーまーと　やまとそうやぎさんちょうめてん","2420026","大和市草柳3-22-1","","","114-D-1","046-200-5170","","","139.45776645407557","35.459879641427264"
"リカーランド　トップ　大和店","りかーらんど　とっぷ　やまとてん","2420026","大和市草柳2-17-3","","","108-E-10","046-262-9011","","","139.45786301781175","35.46058876437259"
"イオンリテール（株）　イオン大和鶴間店","いおんりてーるかぶしきがいしゃいおん　やまとつるまてん","2420001","大和市下鶴間1-2-1","","","58-D-6","046-200-3300","","","139.45807457662994","35.48893938642025"
"松井酒店","まついさけてん","2420024","大和市福田3710","","","150-E-4","046-267-6604","","","139.45809746063566","35.43625840175516"
"東急ストア　フードステーション　つきみ野店","とうきゅうすとあ　ふーどすてーしょん　つきみのてん","2420002","大和市つきみ野5-8-6","","","12-EF-8","046-271-6880","","","139.45814630102038","35.51085892611285"
"ファミリーマート　大和中央五丁目店","ふぁみりーまーと　やまとちゅうおうごちょうめてん","2420021","大和市中央5-10-3","","","102-E-9","046-200-2027","046-200-2027","","139.45816769723436","35.46550682027304"
"ミニストップ　大和代官2丁目店","みにすとっぷやまとだいかんにちょうめてん","2420025","大和市代官2-6-6","","","142-E-4","046-269-6616","","","139.45829936843506","35.44068541022192"
"ファミリーマート　大和代官２丁目店","ふぁみりーまーと　やまとだいかんにちょうめてん","2420025","大和市代官2-17-4","","","142-E・F-7","046-279-5677","","","139.45836071036706","35.439493745600686"
"セブンイレブン　大和中央５丁目店","せぶんいれぶん　やまとちゅうおうごちょうめてん","2420021","大和市中央5-3-18","","","102-F-4・5","046-263-5006","","コンビニエンスストア","139.45847350445138","35.4671947388604"
"（株）ヨークマート　大和中央店","かぶしきがいしゃよーくまーとやまとちゅうおうてん","2420021","大和市中央2-6-1","","","92-G-6","046-263-5599","","","139.45872962254708","35.47123879156834"
"ローソンストア100　大和中央二丁目店","ろーそんすとあひゃく　やまとちゅうおうにちょうめてん","2420021","大和市中央2-13-23　近藤リバティー１階","","","84-G-10","046-200-2399","","","139.45890149496068","35.47409137581185"
"ローソン　大和下鶴間二丁目店","ろーそん　やまとしもつるまにちょうめてん","2420001","大和市下鶴間2776-13","","","48-G-9","046-275-2080","","","139.45893346779974","35.492368424067585"
"ドラッグシノザキ","どらっぐしのざき","2420024","大和市福田3595","","","142-G-10","046-267-0225","","","139.45896041757507","35.43802592623403"
"ファミリーマート　大和深見西２４６店","ふぁみりーまーと　やまとふかみにしによんろくてん","2420018","大和市深見西6-1-2","","","66-G-9","046-200-6854","","","139.45909652183684","35.48308957050899"
"クリエイトエス・ディー　つきみ野店","くりえいとえす・でぃー　つきみのてん","2420002","大和市つきみ野5-17-3","","","12-H-9","046-272-2237","","","139.45925699647805","35.51111822645706"
"セブンイレブン　大和つきみ野駅北店","せぶんいれぶん　やまとつきみのえききたてん","2420001","大和市下鶴間524-1","","","12-H-6","046-273-9531","","","139.45940665807188","35.51176585767027"
"（有）林米店","ゆうげんがいしゃはやしこめてん","2420021","大和市中央2-8-4","","","92-H-4","046-261-0144","","","139.45961812114436","35.47189624130178"
"ドン・キホーテ　大和店","どん・きほーて　やまとてん","2420001","大和市下鶴間2-1-13","","","48-H-9","046-200-4011","","","139.45991508858543","35.49226596161465"
"仲森商店","なかもりしょうてん","2420024","大和市福田983","","","164-H-6","046-267-2977","","","139.45994380383476","35.426147985325095"
"ぷちショップ　宮村酒店","ぷちしょっぷみやむらさけてん","2420021","大和市中央4-1-3","","","93-A-10","046-261-0058","","","139.46048404044313","35.46955512713213"
"ローソンスリーエフ　大和駅前店","ろーそんすりーえふやまとえきまえてん","2420021","大和市中央4-1-24","","","93-A-9","046-263-0065","","","139.4604970305287","35.469777602496244"
"ドラッグセイムス　大和つきみ野店","どらっぐせいむす　やまとつきみのてん","2420002","大和市つきみ野4-12-3","","","23-B-2","046-271-7721","","","139.46056626884663","35.50901529745259"
"セブンイレブン　大和駅西店","せぶんいれぶんやまとえきにしてん","2420021","大和市中央2-4-2","","","93-B-7","046-263-1778","","","139.4605741912517","35.47060391176061"
"ファミリーマート　深見西一丁目店","ふぁみりーまーと　ふかみにしいっちょうめてん","2420018","大和市深見西1-2-32","","","85-B-8","046-200-4781","","","139.4606639191928","35.474754748051865"
"ローソンストア100　大和中央6丁目店","ろーそんすとあひゃく　やまとちゅうおうろくちょうめてん","2420021","大和市中央6-6-27　ベル･ドミール","","","109-B-2","046-200-4099","","","139.46070353374807","35.464204533711126"
"セブンイレブン　大和中央6丁目店","せぶんいれぶん　やまとちゅうおうろくちょうめてん","2420021","大和市中央6-9-28","","","109-B-5","046-263-7077","","","139.46070489708057","35.46260231363485"
"伊波商店","いなみしょうてん","2420021","大和市中央1-7-20","","","103-B-8","046-261-2966","","","139.460949652689","35.46572426960551"
"オダキューOX　大和店","おだきゅーおーえっくすやまとてん","2420021","大和市中央2-1-26","","","93-B-8","046-261-3146","","","139.46103095658367","35.47050113541111"
"マルエツ　大和中央店","まるえつやまとちゅうおうてん","2420021","大和市中央1-4-19","","","103-C-3","046-260-2211","","","139.4611698491893","35.46786593497968"
"セイジョー　大和渋谷店","せいじょー　やまとしぶやてん","2420023","大和市渋谷4-1-1","","","151-C-2","046-201-1051","","","139.46129546466375","35.43688681594182"
"田辺商店","たなべしょうてん","2420001","大和市下鶴間2883","","","41-D-6","046-274-2067","","","139.46139162267528","35.49833321930496"
"つばた酒店","つばたさけてん","2420002","大和市つきみ野4-11-38","","","23-D-4","046-276-0770","","","139.46142612516817","35.50827750315555"
"榎本商店","えのもとしょうてん","2420001","大和市下鶴間2-4-22","","","59-C-6","046-263-3156","","","139.46144788308885","35.48912535500853"
"いなげや　大和高座渋谷店","いなげや　やまとこうざしぶやてん","2420024","大和市渋谷5-40-1","","","159-C-1","046-206-0178","","","139.46153099207365","35.43316004044304"
"ツルハドラッグ　大和駅前店","つるはどらっぐやまとえきまえてん","2420017","大和市大和東1-2-1　大和スカイビル１Ｆ","","","93-C-7","046-200-6268","046-200-6268","","139.4615412149232","35.470460353518995"
"マックスバリュエクスプレス　大和駅前店","まっくすばりゅえくすぷれす　やまとえきまえてん","2420017","大和市大和東1-2-1　大和スカイビル地下　<br>富士ガーデン大和店内","","","93-C-7","046-265-5971","","","139.46155500951494","35.470567341871664"
"ココカラファイン　小田急マルシェ大和店","ここからふぁいん　おだきゅうまるしぇやまとてん","2420021","大和市中央1ｰ1-26　小田急マルシェ大和店内","","","93-C-10","046-263-6683","046-263-6683","","139.46167074414507","35.46944537091859"
"セブンイレブン　大和深見店","せぶんいれぶん　やまとふかみてん","2420018","大和市深見西2-4-4","","","85-D-5","046-260-7778","","","139.46176416483718","35.47629510425783"
"セブンイレブン　大和福田店","せぶんいれぶん　やまとふくだてん","2420024","大和市渋谷5-41-1","","","151-C-7","046-268-1010","","","139.46182961149486","35.434557591506774"
"セブンイレブン　大和渋谷３丁目店","せぶんいれぶん　やまとしぶやさんちょうめてん","2420023","大和市渋谷3-9-1","","","143-D-10","046-269-5332","","","139.4618346744536","35.43801190395242"
"セブンイレブン　大和下鶴間２丁目店","せぶんいれぶん　やまとしもつるまにちょうめてん","2420001","大和市下鶴間2-9-12","","","49-D-9","046-261-7188","","","139.46189170749736","35.49260387609574"
"業務スーパー　大和店","ぎょうむすーぱー　やまとてん","2420001","大和市下鶴間2767-3","","","49-D-7","046-244-3100","","","139.46192617419769","35.493369790984964"
"ファミリーマート　大和東一丁目店","ふぁみりーまーと　やまとひがしいっちょうめてん","2420017","大和市大和東1-3-11","","","93-D-7","046-200-1371","","","139.46193257685073","35.47058355006253"
"マックスバリュエクスプレス　大和つきみ野店","まっくすばりゅえくすぷれす　やまとつきみのてん","2420002","大和市つきみ野4-10-3 つきみ野生鮮市場1F","","","23-E-7","046-278-0550","","","139.46196001947052","35.507279629423856"
"タバコショップ　オダギリ","たばこしょっぷおだぎり","2420017","大和市大和東1-3-9","","","93-E-7","046-261-9264","","","139.46203885416716","35.47092861413522"
"ローソン　大和柳橋１丁目店","ろーそん　やまとやなぎばしいっちょうめてん","2420022","大和市柳橋1-22-1","","","109-D-9","046-260-2126","","","139.46210943060626","35.46127310009887"
"ツルハドラッグ　大和渋谷店","つるはどらっぐ　やまとしぶやてん","2420024","大和市渋谷5-39-3","","","159-D・E-2","046-201-0123","","","139.46227246217117","35.432326653613515"
"オダギリ薬局　本店","おだぎりやっきょくほんてん","2420017","大和市大和東1-4-2","","","93-E-8","046-261-1193","","","139.46231665230957","35.470380783013326"
"ローソン　大和駅前店","ろーそん　やまとえきまえてん","2420017","大和市大和東1-4-20","","","93-E-8","046-260-7181","","","139.4623502533298","35.470283094872954"
"白栄ランドリー","はくえいらんどりー","2420024","大和市福田1-15-2","","","121-F-9","046-267-1052","","","139.46321880437722","35.45198157259519"
"セブンイレブン　大和下鶴間東店","せぶんいれぶん　やまとしもつるまひがしてん","2420001","大和市下鶴間809-1","","","23-G-9","046-272-4539","","","139.46340634377813","35.50609470091692"
"セブンイレブン　大和深見西６丁目店","せぶんいれぶん　やまとふかみにしろくちょうめてん","2420018","大和市深見西6-5","","","67-G-5･6","046-262-9711","","","139.46351086313948","35.485214748921116"
"そうてつローゼン　大和駅前店","そうてつろーぜん　やまとえきまえてん","2420016","大和市大和南1-2-1","","","93-H-9","046-244-4400","","","139.46351847476237","35.46976538397735"
"（有）金子宝泉堂","ゆうげんがいしゃかねこほうせんどう","2420017","大和市大和東3-2-17","","","93-G-6","046-261-0633","","","139.46358610867648","35.4712887147271"
"セブンイレブン　大和東一丁目店","せぶんいれぶん　やまとひがしいっちょうめてん","2420017","大和市大和東1-8-12","","","93-H-9","046-262-3210","","","139.46379474249477","35.469988466254485"
"セブンイレブン　大和柳橋１丁目店","せぶんいれぶん　やまとやなぎばしいっちょうめてん","2420022","大和市柳橋1-5-1","","","109-H-9","046-264-7011","","","139.46396828724596","35.460912689837585"
"山村クリーニング","やまむらくりーにんぐ","2420024","大和市福田1587-18","","","165-H-8","046-267-7165","","","139.4640439887019","35.42532788594846"
"ドラッグセイムス　大和柳橋店","どらっぐせいむすやまとやなぎばしてん","2420022","大和市柳橋1-5-6","","","115-H-1","046-265-6121","046-265-6121","","139.46425919509528","35.46009148974332"
"いなげや　大和桜ヶ丘店","いなげややまとさくらがおかてん","2420024","大和市福田2-7-4","","","129-H-7","046-269-2361","","","139.4642616611274","35.448313511981745"
"（株）ビッグヨーサン　高座渋谷駅前店","かぶしきがいしゃびっぐよーさん　こうざしぶやえきまえてん","2420024","大和市渋谷5-22　IKOZA内","","","159-H-1","046-201-0043","","","139.4643229700764","35.43278875607211"
"ミニストップ　大和柳橋店","みにすとっぷやまとやなぎばしてん","2420022","大和市柳橋2-15-5","","","116-A-7","046-267-4315","","","139.46436728713044","35.4575355795475"
"セブンイレブン　大和高座渋谷駅西口店","せぶんいれぶん　やまとこうざしぶやえきにしぐちてん","2420024","大和市渋谷8-1-1","","","160-A-3","046-268-8070","","","139.4644226927756","35.432000947126355"
"（有）加藤米店","ゆうげんがいしゃかとうこめてん","2420001","大和市下鶴間2123","","","34-A-9","046-274-0022","","平成27年9月24日取扱店脱退","139.4644279473994","35.501299166715675"
"（有）マルエムサイクル","ゆうげんがいしゃまるえむさいくる","2420022","大和市柳橋3-10-1","","","122-A-4","046-268-1817","","","139.46453379878068","35.45435874059471"
"（有）嶋田商店","ゆうげんがいしゃしまだしょうてん","2420022","大和市柳橋2-9-6","","","116-A-10","046-267-5050","","","139.46463132136253","35.456105447095446"
"セブンイレブン　大和桜ヶ丘西口店","せぶんいれぶん　やまとさくらがおかにしぐちてん","2420024","大和市福田2-3-14","","","130-A-5","046-268-7387","","","139.4646598868303","35.449337707569455"
"山下酒店","やましたさけてん","2420024","大和市福田2-6-3","","","130-A-6","046-267-0807","","","139.46466851014293","35.448730175993525"
"金子たばこ店","かねこたばこてん","2420001","大和市下鶴間2124","","","34-B-9","046-274-0021","","","139.46468052503778","35.50132267077785"
"ローソン　大和深見東三丁目店","ろーそん　ふかみひがしさんちょうめてん","2420012","大和市深見東3-1-6","","","78-A-1","046-263-0920","","","139.4646825656238","35.4826450685799"
"ローソン　大和南一丁目店","ろーそん　やまとみなみいっちょうめてん","2420016","大和市大和南1-8-1","","","94-A-10","046-264-0513","","","139.4647793769763","35.469534443340365"
"ローソン　小田急桜ヶ丘店","ろーそん　おだきゅうさくらがおかてん","2420024","大和市福田2-3","","","130-A-2","046-269-3750","","","139.46483643124327","35.450363997046"
"セブンイレブン　大和島津店","せぶんいれぶん　やまとしまづてん","2420012","大和市深見東2-1-9","","","78-B-6","046-264-4088","","","139.46487904121375","35.4803177351459"
"オダギリ薬局　桜ヶ丘店","おだぎりやっきょくさくらがおかてん","2420024","大和市福田1-8-1","","","130-A-1","046-269-1593","","","139.4648811053369","35.450922835499036"
"ファミリーマート　高座渋谷駅店","ふぁみりーまーと　こうざしぶやえきてん","2420024","大和市渋谷6-16-3　小田急マルシェ高座渋谷","","","160-A-2","046-279-5636","046-279-5636","","139.46492793099577","35.43248020672563"
"ハックドラッグ　桜ヶ丘駅前店","はっくどらっぐ　さくらがおかえきまえてん","2420024","大和市福田2-3-1","","","130-B-2","046-279-5030","","","139.46500921692947","35.45035550257886"
"ローソンストア100　大和深見東店","ろーそんすとあひゃく　やまとふかみひがしてん","2420012","大和市深見東1-1-13","","","86-B-2","046-200-4199","","","139.46511463770867","35.47737897139972"
"ミュージックショップ　ダイエー","みゅーじっくしょっぷ　だいえー","2420024","大和市福田2-2-3　桜ヶ丘プラザ内","","","130-B-2","046-267-4045","","","139.46524030030446","35.45028051712055"
"セブンイレブン　大和高座渋谷駅東口店","せぶんいれぶん　やまとこうざしぶやえきひがしぐちてん","2420024","大和市渋谷6-12-2","","","160-B-2","046-268-1011","","","139.465272091798","35.432733687396016"
"セブンイレブン　大和福田一丁目店","せぶんいれぶん　やまとふくだいっちょうめてん","2420024","大和市福田1-1-1","","","122-B-8","046-267-7082","","","139.4653258068954","35.45245727503871"
"クリエイトS･D　大和高座渋谷店","くりえいとえす・でぃー　やまとこうざしぶやてん","2420024","大和市渋谷6-18-2","","","152-B-8","046-279-5080","","","139.4654295113424","35.434430701115836"
"ウェルシア　大和南店","うぇるしあ　やまとみなみてん","2420016","大和市大和南1-12-16","","","104-B-2","046-200-3105","","","139.46553925501198","35.468462183881286"
"セブンイレブン　大和東3丁目店","せぶんいれぶん　やまとひがしさんちょうめてん","2420017","大和市大和東3-4-17","","","94-C-4","046-260-3262","","","139.46549087118552","35.472144433955975"
"松屋酒店","まつやさけてん","2420024","大和市渋谷7-28-7","","","160-C-3","046-267-2686","","","139.46569748151822","35.43208177182666"
"はあとらんど。","はあとらんど","2420023","大和市渋谷1-4-4-1F","","","144-C-10","046-269-7949","","","139.46572785499893","35.43774413715176"
"（有）伊東商店","ゆうげんがいしゃいとうしょうてん","2420023","大和市渋谷1-4-3","","","144-C-10","046-267-1006","","","139.46579074730607","35.437803832118384"
"（有）大和種苗商会","ゆうげんがいしゃやまとしゅびょうしょうかい","2420016","大和市大和南1-11-6","","","104-C-1<br>","046-261-2553","","","139.46586471282217","35.468830451162454"
"セブンイレブン　大和桜ヶ丘東口店","せぶんいれぶん　やまとさくらがおかひがしぐちてん","2420024","大和市福田5515-5","","","130-C-4","046-269-8670","","","139.46591745847445","35.449886779265036"
"ドリームファーマシー","どりーむふぁーましー","2420024","大和市福田5515-1","","","130-C-3","046-279-5165","","","139.46595324213135","35.45022304246759"
"ローソン　大和高座渋谷東店","ろーそん　やまとこうざしぶやひがしてん","2420015","大和市渋谷7-15-6","","","160-D-8","046-269-5563","","","139.46611733861616","35.429737746001884"
"菓子司　増田屋","かしつかさますだや","2420016","大和市大和南1-14-2","","","94-D-10","046-261-0113","","","139.46616966667443","35.46934250175611"
"イオンリテール（株）　イオン大和店","いおんりてーるかぶしきがいしゃ　いおんやまとてん","2420015","大和市渋谷6-6-1","","","152-D-6","046-269-1111","","","139.46626811476625","35.43507515100795"
"（株）キャピトルトランポ　本社営業所第一車庫","かぶしきがいしゃきゃぴとるとらんぽ　ほんしゃえいぎょうしょだいいちしゃこ","2420001","大和市下鶴間2262-12","","","42-E-3","046-277-2400","","","139.46633084645015","35.49977458845988"
"セブンイレブン　大和下鶴間宿店","せぶんいれぶん　やまとしもつるましゅくてん","2420001","大和市下鶴間2236-1","","","34-E-9","046-272-7116","","R7.3/7 廃業","139.46644037057237","35.501452702871745"
"DCM　大和深見店","でぃーしーえむ　やまとふかみてん","2420012","大和市深見東1-2-33","","","86-E-5","046-261-8311","","","139.46673374225853","35.47630339237954"
"ファミリーマート　大和南二丁目店","ふぁみりーまーと　やまとみなみにちょうめてん","2420016","大和市大和南2-13-12","","","110-E-3","046-200-3258","046-200-3258","","139.4669111354923","35.46349337812402"
"島忠ホームズ　大和店","しまちゅうほーむず　やまとてん","2420014","大和市上和田2670-1","","","136-E･F-10","050-1712-4342","050-1712-6442","","139.46698646895624","35.442277561689366"
"クリエイトエス・ディー　大和上和田店","くりえいとえす・でぃー　やまとかみわだてん","2420014","大和市上和田1805-4","","","136-F-2","046-269-2887","","","139.4670372116693","35.44614382907828"
"ローソンストア100　大和深見台一丁目店","ろーそんすとあひゃく　やまとふかみだいいっちょうめてん","2420013","大和市深見台1-7-29","","","104-F-9","046-200-3663","046-200-3663","","139.46698600471083","35.46518383752569"
"セブンイレブン　大和上和田店","せぶんいれぶん　やまとかみわだてん","2420014","大和市上和田1826-1","","","136-F-5","046-267-6681","","","139.46716645429","35.44478988447464"
"オーケー　大和上和田店","おーけー　やまとかみわだてん","2420014","大和市上和田2734-1","","","144-F-3","046-204-7221","","","139.46735129409154","35.44086053040097"
"細田産業（株）","ほそださんぎょうかぶしきがいしゃ","2420011","大和市深見3919","","","110-F-6","046-263-1331","","2024年12月5日廃業","139.46748913101854","35.4623688197014"
"ローソン　大和深見店","ろーそん　やまとふかみてん","2420022","大和市深見3869-13","","","116-F-1","046-263-3310","","","139.46755401440362","35.46012437339741"
"ローソン　大和下和田店","ろーそん　やまとしもわだてん","2420015","大和市下和田771-1","","","166-H-8","046-268-5100","","","139.46875179693032","35.42514423125692"
"ローソンスリーエフ　大和上和田団地店","ろーそんすりーえふ　やまとかみわだだんちてん","2420014","大和市上和田3294","","","153-E-2","046-267-1186","","","139.47132331246178","35.4369404756109"
"クリエイトS･D　大和下和田店","くりえいとえすでぃー　やまとしもわだてん","2420015","大和市下和田100-1","","","161-F-6","046-279-4030","","","139.4718280067291","35.43094746154049"
"オーケー　大和店","おーけー　やまとてん","2420015","大和市下和田45","","","161-F-4","046-267-3001","","","139.47188756839577","35.43178906867392"
"セブンイレブン　大和いちょう団地店","せぶんいれぶん　やまといちょうだんちてん","2420015","大和市下和田104","","","161-F-5","046-268-6156","","","139.472041382407","35.43110514949841"
"セブンイレブン　大和上和田中央店","せぶんいれぶん　やまとかみわだちゅうおうてん","2420014","大和市上和田1626-3","","","132-C-5","046-268-7008","","","139.47433027774503","35.44906519447709"
"御菓子司　松埜","おんかしつかさ　まつの","2420014","大和市上和田440-20","","","124-D-2","046-268-1955","","","139.47521157418964","35.45484506906195"
"富士ガーデン　大和駅前店","ふじがーでん　やまとえきまえてん","2420017","大和市大和東1-2-1　大和スカイビル地下１Ｆ","","","93-C-7","046-265-6629","","","139.46162520301607","35.47047290601237"
"ファミリーマート　大和駅南店","ふぁみりーまーと　やまとえきみなみてん","2420016","大和市大和南1-3-3","","","093-E-10","046-200-3120","","","139.46243436728412","35.469528030255304"
"スギドラッグ　桜ヶ丘店","すぎどらっぐ　さくらがおかてん","2420014","大和市上和田954-1","","","122-F-10","046-204-4071","","","139.46716870785235","35.45169460949698"
"ファミリーマート　大和東三丁目店","ふぁみりーまーと　やまとひがしさんちょうめてん","2420017","大和市大和東3-11-17","","","94-B-1","046-200-3016","","","139.46527113294192","35.47375475709033"
"まいばすけっと　大和南１丁目店","まいばすけっと　やまとみなみいっちょうめてん","2420016","大和南1-13-14","","","104-E-3","046-206-5092","046-206-5098","","139.46661887659226","35.46798772038845"
"ファミリーマート相鉄大和駅店","ふぁみりーまーと　そうてつやまとてん","2420021","大和市中央2-1-1","","","93-B-8","046-265-1015","046-265-1015","","139.4611510510336","35.4698837486998"
"まいばすけっと　大和中央5丁目店","まいばすけっと　やまとちゅうおうごちょうめてん","2420021","大和市中央5-6-29","","","102-B-2","046ｰ205-4673","046-205-4674","営業　午前8時～午後11時<BR>無休","139.4563289922402","35.46829074805504"
"三和　大和南店","さんわ　やまとみなみてん","2420016","大和南2-4-12","","","","046-205-4860","046-205-4610","営業時間<BR>平日   10時～22時<BR>土日祝  9時～22時","139.46600953309874","35.466969145114895"
"まいばすけっと　桜ヶ丘駅東店","まいばすけっと　さくらがおかえきひがしてん","2420014","大和市上和田953-1　京王大和マンション","","","122-F-10","046-204-9139","046-204-9189","営業時間　午前8時～午後10時<BR>休業日　なし","139.46720087122353","35.4512931191048"
"ローソンストア100　南林間七丁目店","ろーそんすとあひゃく　みなみりんかんななちょうめてん","2420006","大和市南林間7-25-1","","","53-G-2","046-275-2771","046-275-2771","","139.43709316976873","35.49137598347764"
"ローソン　大和深見台四丁目店","ろーそん　やまとふかみだいよんちょうめてん","2420013","大和市深見台四丁目13-20","","","86-G-6","046-206-7277","046-206-7277","","139.46753480017617","35.47552156579936"
"オーケー　大和鶴間店","おーけーやまとつるまてん","2420004","大和市鶴間2-1-18","","","57-B-4","046-206-7205","","","139.45198405941017","35.49038867676698"
"ロピア中央林間店","ろぴあちゅうおうりんかんてん","2420001","大和市中央林間8-25-8","","","20-E・F-2","046-278-2929","","営業時間：10:00から20:00<BR>休業日：年始 1/1から1/3","139.44916919574604","35.50927757479595"
"まいばすけっと　大和東三丁目店","まいばすけっと　やまとひがしさんちょうめてん","2420017","大和市大和東3-1-6　JMビル","","","93-E-5","046-206-7254","046-206-7256","","139.46244347824683","35.471533312999846"
"クリエイトエス・ディー　大和下鶴間店","くりえいとえすでぃー　やまとしもつるまてん","2420001","大和市下鶴間3002-2","","","39-B-4","046-244-5148","046-244-5149","","139.451650316411","35.499017794601535"
"クリエイトエス・ディー　南林間ヒメシャラ通り店","くりえいとえすでぃー　みなみりんかんひめしゃらどおりてん","2420008","大和市中央林間西1-17-3","","","36-F-2","046-205-9281","046-205-9282","1/1、1/2 休業","139.44083265223995","35.49997323137472"
"セブンイレブン　小田急マルシェ大和店","せぶんいれぶん　おだきゅうまるしぇやまとてん","2420021","大和市中央1-1-26　小田急マルシェ内","","","93-D-10","046-200-3611","046-200-3613","","139.4618368865692","35.46931207827873"
"スギドラッグ　高座渋谷店","すぎどらっぐ　こうざしぶやてん","2420023","大和市渋谷6-11-4","","","160-C-1","046-206-4758","046-206-4759","","139.46590498267966","35.43292922411789"
"ローソン・スリーエフ 大和東二丁目店","ろーそんすりーえふ やまとひがしにちょうめてん","2420017","大和市大和東2-5-10","","","93-E-3","046-261-2873","","","139.46222251508243","35.47287750520057"
"セブンイレブン小田急マルシェ 中央林間店","せぶんいれぶんおだきゅうまるしぇ ちゅうおうりんかんてん","2420007","大和市中央林間4-4-3","","","19-D-3","046-240-8035","046-240-8035","","139.44431763165855","35.50862065886443"
"まいばすけっと　相模大塚駅前店","まいばすけっと　さがみおおつかえきまえてん","2420028","大和市桜森3-8-20","","","88-D-6","046-200-7417","046-200-7517","","139.43993098303693","35.47122076306163"
"まいばすけっと　西鶴間４丁目店","まいばすけっと　にしつるまよんちょうめてん","2420005","大和市西鶴間4-7-5","","","64-F-4","046-240-8411","046-240-8417","","139.44944607332124","35.48544340541476"
"ローソン 中央林間二丁目店","ろーそん ちゅうおうりんかんにちょうめてん","2420007","大和市中央林間2-1-12","","","29-E-7","046-206-7029","046-206-7139","","139.44473579482374","35.502419376424925"
"イオンスタイル下鶴間","いおんすたいるしもつるま","2420001","大和市下鶴間2776-10","","","48-E-10","046-240-1571","046-240-1592","","139.45776664919666","35.49208132326883"
"まいばすけっと　深見西2丁目","まいばすけっと　ふかみにしにちょうめ","2420018","大和市深見西2-2-2","","","85-H-7","046-205-4450","046-205-4451","","139.46404704970428","35.47539053136126"
"セブンイレブン　大和福田中央店","せぶんいれぶんやまとふくだちゅうおうてん","2420024","大和市福田2339-12","","","144-C-5","046-267-1861","","","139.4656769826925","35.44022806721629"
